file_name, author, license, license_url
afro-zamurai.png, @sharrard_COle, zutomayo.net/legal に従う, https://zutomayo.net/legal/
nira-ham.jpg, @am_ikima, zutomayo.net/legal に従う, https://zutomayo.net/legal/
nira-Intrusion.png, @tanu25789, zutomayo.net/legal に従う, https://zutomayo.net/legal/
nira-kaiba.PNG, @sharrard_COle, zutomayo.net/legal に従う, https://zutomayo.net/legal/
nira-kangurei.jpg, @am_ikima, zutomayo.net/legal に従う, https://zutomayo.net/legal/
nira-MabushiiDNADake.png, @sharrard_COle, zutomayo.net/legal に従う, https://zutomayo.net/legal/
nira-MILABO.png, @sharrard_COle, zutomayo.net/legal に従う, https://zutomayo.net/legal/
nira-mirrortune.PNG, @sharrard_COle, zutomayo.net/legal に従う, https://zutomayo.net/legal/
nira-tadashikunarenai.jpg, @am_ikima, zutomayo.net/legal に従う, https://zutomayo.net/legal/
nira-taidada.PNG, @sharrard_COle, zutomayo.net/legal に従う, https://zutomayo.net/legal/
tbsten.png, @tbs__ten, Creative Commons Zero, https://creativecommons.org/publicdomain/zero/1.0/
uniguri-Intrusion.png, @tanu25789, zutomayo.net/legal に従う, https://zutomayo.net/legal/
